Task ID,Task Name,Phase,Status,Priority,Estimate (hrs),Notes
DS-001,Install pnpm globally if not installed,Phase 1,Not Started,P0,0.1,Install pnpm package manager globally. Verify with pnpm --version
DS-002,Create pnpm-workspace.yaml at root,Phase 1,Not Started,P0,0.2,Define workspace packages in pnpm-workspace.yaml
DS-003,Create root package.json with workspace config,Phase 1,Not Started,P0,0.3,Setup root package.json with monorepo scripts and dependencies
DS-004,Install Turborepo as dev dependency,Phase 1,Not Started,P0,0.2,Add turbo to root devDependencies
DS-005,Create turbo.json pipeline configuration,Phase 1,Not Started,P0,0.4,Configure Turborepo pipeline with build/dev/lint tasks
DS-006,Update root .gitignore for monorepo patterns,Phase 1,Not Started,P1,0.2,Add .turbo/ dist/ and package-specific patterns
DS-007,Create packages/ directory,Phase 1,Not Started,P0,0.1,mkdir -p packages
DS-008,Move frontend/ to packages/frontend/,Phase 1,Not Started,P0,0.3,Relocate existing frontend directory
DS-009,Update frontend package.json with @devprep/frontend name,Phase 1,Not Started,P0,0.2,Add namespace to package name
DS-010,Update all path references in frontend after move,Phase 1,Not Started,P0,0.5,Fix import paths and tsconfig paths if needed
DS-011,Test frontend dev server still works,Phase 1,Not Started,P0,0.3,Run pnpm dev and verify localhost:3000 loads
DS-012,Test frontend build still works,Phase 1,Not Started,P0,0.3,Run pnpm build and verify success
DS-013,Update root README.md with monorepo instructions,Phase 1,Not Started,P2,0.3,Document workspace structure and commands
DS-014,Create packages/design-system/ directory structure,Phase 2,Not Started,P0,0.2,mkdir -p packages/design-system/src
DS-015,Create design system package.json,Phase 2,Not Started,P0,0.4,Setup @devprep/design-system with exports and scripts
DS-016,Install design system dependencies,Phase 2,Not Started,P0,0.3,Add React CVA clsx tailwind-merge
DS-017,Install design system dev dependencies,Phase 2,Not Started,P0,0.3,Add tsup Storybook TypeScript
DS-018,Create tsup.config.ts for CJS + ESM build,Phase 2,Not Started,P0,0.3,Configure dual format build output
DS-019,Create design system tsconfig.json,Phase 2,Not Started,P0,0.3,Extend root tsconfig with package settings
DS-020,Create src/ directory structure,Phase 2,Not Started,P0,0.2,mkdir components tokens styles utils
DS-021,Create src/index.ts main export file,Phase 2,Not Started,P0,0.2,Barrel export for all components
DS-022,Create tailwind.config.ts for design system,Phase 2,Not Started,P0,0.3,Configure Tailwind with design tokens
DS-023,Test build pipeline with dummy component,Phase 2,Not Started,P0,0.4,Create test component and verify build
DS-024,Verify CJS output in dist/,Phase 2,Not Started,P0,0.2,Check dist/index.js exists
DS-025,Verify ESM output in dist/,Phase 2,Not Started,P0,0.2,Check dist/index.mjs exists
DS-026,Verify TypeScript declarations generated,Phase 2,Not Started,P0,0.3,Check dist/index.d.ts exists
DS-027,Add design system README.md,Phase 2,Not Started,P2,0.4,Document usage and installation
DS-028,Add npm scripts to package.json,Phase 2,Not Started,P1,0.2,Add dev build lint storybook scripts
DS-029,Create src/tokens/ directory,Phase 3,Not Started,P0,0.1,mkdir src/tokens
DS-030,Create primitive.ts - define raw color values,Phase 3,Not Started,P0,0.5,Extract colors from glassmorphism_colorscheme_1.html
DS-031,Create primitive.ts - define spacing scale,Phase 3,Not Started,P0,0.3,Define 0.25rem base spacing scale
DS-032,Create primitive.ts - define border radii,Phase 3,Not Started,P0,0.2,Define radius scale sm/md/lg/xl
DS-033,Create primitive.ts - define blur levels,Phase 3,Not Started,P0,0.2,Define 10px 20px 30px blur levels
DS-034,Create semantic.ts - map colors to semantic purposes,Phase 3,Not Started,P0,0.5,Map primitive colors to background/foreground/primary
DS-035,Create semantic.ts - map spacing to semantic scale,Phase 3,Not Started,P0,0.3,Map primitive spacing to xs/sm/md/lg/xl
DS-036,Create component.ts - define glass component tokens,Phase 3,Not Started,P0,0.5,Extract glass effects from themes/glassmorphism.css
DS-037,Create component.ts - define button component tokens,Phase 3,Not Started,P0,0.3,Define button-specific tokens
DS-038,Create component.ts - define card component tokens,Phase 3,Not Started,P0,0.3,Define card-specific tokens
DS-039,Create tokens/index.ts with unified export,Phase 3,Not Started,P0,0.2,Barrel export all token modules
DS-040,Add JSDoc comments to all token definitions,Phase 3,Not Started,P1,0.5,Document each token with usage examples
DS-041,Create scripts/generate-tokens.js script,Phase 3,Not Started,P1,0.6,Automate TS to CSS variable generation
DS-042,Generate CSS variables from TypeScript tokens,Phase 3,Not Started,P1,0.4,Run token generation script
DS-043,Create src/styles/tokens.css with generated variables,Phase 3,Not Started,P1,0.3,Output CSS custom properties
DS-044,Test token imports in TypeScript,Phase 3,Not Started,P0,0.2,Import and use tokens in test file
DS-045,Test token usage in CSS,Phase 3,Not Started,P1,0.2,Verify CSS variables work correctly
DS-046,Add token generation to build pipeline,Phase 3,Not Started,P1,0.3,Run generate-tokens as prebuild step
DS-047,Initialize Storybook with @storybook/nextjs,Phase 4,Not Started,P0,0.5,Run npx storybook@latest init
DS-048,Create .storybook/main.ts configuration,Phase 4,Not Started,P0,0.5,Configure framework and stories glob
DS-049,Configure stories glob patterns in main.ts,Phase 4,Not Started,P0,0.2,Set stories path to src/**/*.stories.tsx
DS-050,Add Storybook addons,Phase 4,Not Started,P0,0.3,Install essentials a11y interactions addons
DS-051,Configure TypeScript in Storybook,Phase 4,Not Started,P0,0.3,Setup reactDocgen for prop tables
DS-052,Create .storybook/preview.ts with decorators,Phase 4,Not Started,P0,0.5,Setup global decorators and parameters
DS-053,Import globals.css and glassmorphism.css in preview,Phase 4,Not Started,P0,0.2,Add stylesheet imports
DS-054,Configure glassmorphism background variants,Phase 4,Not Started,P1,0.4,Add dark-glass light dark backgrounds
DS-055,Create .storybook/manager.ts for theme,Phase 4,Not Started,P2,0.3,Customize Storybook UI theme
DS-056,Add DevPrep AI branding to Storybook UI,Phase 4,Not Started,P2,0.3,Set brandTitle brandImage
DS-057,Test Storybook dev server starts,Phase 4,Not Started,P0,0.3,Run pnpm storybook and verify localhost:6006
DS-058,Verify TypeScript path aliases work in Storybook,Phase 4,Not Started,P0,0.4,Test @/ imports resolve correctly
DS-059,Copy Button component to design system,Phase 5,Not Started,P0,0.3,Move Button.tsx from frontend
DS-060,Update Button imports to use token system,Phase 5,Not Started,P0,0.4,Replace hardcoded values with tokens
DS-061,Create Button.stories.tsx with all 11 variants,Phase 5,Not Started,P0,1.0,Document default primary accent ghost outline brand success warning error
DS-062,Add interactive controls to Button story,Phase 5,Not Started,P0,0.3,Configure argTypes for variant size
DS-063,Create glassmorphism Button story showcase,Phase 5,Not Started,P1,0.5,Demo btn-glass and btn-primary-glass
DS-064,Export Button from components/index.ts,Phase 5,Not Started,P0,0.1,Add to barrel export
DS-065,Copy Card component + sub-components,Phase 5,Not Started,P0,0.3,Move Card CardHeader CardTitle CardDescription CardContent CardFooter
DS-066,Update Card imports to use token system,Phase 5,Not Started,P0,0.4,Replace hardcoded values with tokens
DS-067,Create Card.stories.tsx with all 6 variants,Phase 5,Not Started,P0,0.8,Document default feature interactive gradient outline elevated
DS-068,Add interactive Card composition examples,Phase 5,Not Started,P0,0.5,Show full card with header content footer
DS-069,Create glassmorphism Card story showcase,Phase 5,Not Started,P1,0.4,Demo glass-card with different effects
DS-070,Export Card components from components/index.ts,Phase 5,Not Started,P0,0.1,Add all Card exports to barrel
DS-071,Copy Input component to design system,Phase 5,Not Started,P0,0.2,Move Input.tsx
DS-072,Create Input.stories.tsx with variants,Phase 5,Not Started,P0,0.5,Document types states and sizes
DS-073,Copy Textarea component to design system,Phase 5,Not Started,P0,0.2,Move Textarea.tsx
DS-074,Create Textarea.stories.tsx with variants,Phase 5,Not Started,P0,0.4,Document sizes and states
DS-075,Copy Select component to design system,Phase 5,Not Started,P0,0.3,Move Select.tsx with Radix dependencies
DS-076,Create Select.stories.tsx with options,Phase 5,Not Started,P0,0.5,Show single and multiple select
DS-077,Copy Switch component to design system,Phase 5,Not Started,P0,0.2,Move Switch.tsx
DS-078,Create Switch.stories.tsx with states,Phase 5,Not Started,P0,0.4,Document checked disabled states
DS-079,Copy RadioGroup component to design system,Phase 5,Not Started,P0,0.3,Move RadioGroup.tsx
DS-080,Create RadioGroup.stories.tsx with options,Phase 5,Not Started,P0,0.5,Show horizontal and vertical layouts
DS-081,Copy Slider component to design system,Phase 5,Not Started,P0,0.3,Move Slider.tsx
DS-082,Create Slider.stories.tsx with ranges,Phase 5,Not Started,P0,0.4,Document min max step variants
DS-083,Copy Label component to design system,Phase 5,Not Started,P0,0.2,Move Label.tsx
DS-084,Create Label.stories.tsx with form examples,Phase 5,Not Started,P0,0.3,Show label with inputs
DS-085,Create comprehensive Form story combining all inputs,Phase 5,Not Started,P1,0.8,Full form example with validation
DS-086,Test all form components with keyboard navigation,Phase 5,Not Started,P1,0.4,Tab through all inputs
DS-087,Test all form components with screen readers,Phase 5,Not Started,P1,0.5,Run with NVDA/VoiceOver
DS-088,Export all form components from components/index.ts,Phase 5,Not Started,P0,0.1,Add to barrel export
DS-089,Copy Alert component to design system,Phase 5,Not Started,P0,0.2,Move Alert.tsx
DS-090,Create Alert.stories.tsx with all variants,Phase 5,Not Started,P0,0.5,Document info success warning error variants
DS-091,Copy Badge component to design system,Phase 5,Not Started,P0,0.2,Move Badge.tsx
DS-092,Create Badge.stories.tsx with all variants,Phase 5,Not Started,P0,0.4,Document colors and sizes
DS-093,Copy Progress component to design system,Phase 5,Not Started,P0,0.2,Move Progress.tsx
DS-094,Create Progress.stories.tsx with animations,Phase 5,Not Started,P0,0.5,Show determinate and indeterminate
DS-095,Copy LoadingSpinner component to design system,Phase 5,Not Started,P0,0.2,Move LoadingSpinner.tsx
DS-096,Create LoadingSpinner.stories.tsx with sizes,Phase 5,Not Started,P0,0.4,Document sm md lg variants
DS-097,Copy Dialog component to design system,Phase 5,Not Started,P0,0.3,Move Dialog.tsx with Radix
DS-098,Create Dialog.stories.tsx with glassmorphism backdrop,Phase 5,Not Started,P0,0.6,Show modal with glass background
DS-099,Test all feedback components accessibility,Phase 5,Not Started,P1,0.4,Run a11y tests on Alert Badge Progress Dialog
DS-100,Export all feedback components from components/index.ts,Phase 5,Not Started,P0,0.1,Add to barrel export
DS-101,Update frontend package.json - add design-system dependency,Phase 6,Not Started,P0,0.2,Add @devprep/design-system: workspace:*
DS-102,Run pnpm install to link workspace packages,Phase 6,Not Started,P0,0.2,Install dependencies and create symlinks
DS-103,Create script to find all component imports in frontend,Phase 6,Not Started,P1,0.4,grep for @shared/ui imports
DS-104,Replace Button imports with @devprep/design-system,Phase 6,Not Started,P0,0.5,Update all Button import statements
DS-105,Replace all other component imports,Phase 6,Not Started,P0,1.0,Update Card Input Select etc imports
DS-106,Update style imports to use design system,Phase 6,Not Started,P0,0.3,Import styles from @devprep/design-system
DS-107,Update Tailwind config to include design system paths,Phase 6,Not Started,P0,0.3,Add design system src to content array
DS-108,Delete duplicate components from frontend/src/shared/ui/,Phase 6,Not Started,P0,0.2,Remove old component files
DS-109,Delete duplicate styles from frontend/src/styles/,Phase 6,Not Started,P0,0.2,Remove glassmorphism.css globals.css
DS-110,Test frontend dev server with design system,Phase 6,Not Started,P0,0.3,Run dev and verify all components work
DS-111,Test frontend production build with design system,Phase 6,Not Started,P0,0.4,Run build and verify success
DS-112,Create GlassCard component using glass tokens,Phase 7,Not Started,P1,0.6,Build with blur opacity border variants
DS-113,Create CVA variants for GlassCard,Phase 7,Not Started,P1,0.5,Define blur light/medium/heavy variants
DS-114,Create GlassCard.stories.tsx with interactive controls,Phase 7,Not Started,P1,0.6,Add blur opacity sliders
DS-115,Create GlassButton component with glass effects,Phase 7,Not Started,P1,0.5,Build button with glass styling
DS-116,Create GlassButton.stories.tsx with hover states,Phase 7,Not Started,P1,0.5,Demo shimmer and scale effects
DS-117,Create useGlass utility hook,Phase 7,Not Started,P1,0.4,Return style object from glass options
DS-118,Refactor glassmorphism.css to use CSS variables,Phase 7,Not Started,P1,0.7,Replace rgba values with var()
DS-119,Remove all hardcoded rgba values from glassmorphism,Phase 7,Not Started,P1,0.5,Search and replace with tokens
DS-120,Create Tailwind plugin for glass utilities,Phase 7,Not Started,P2,0.6,Generate glass-blur-* utilities
DS-121,Create glass showcase story with background switcher,Phase 7,Not Started,P1,0.5,Toggle between dark gradient light
DS-122,Add performance monitoring to glass components,Phase 7,Not Started,P2,0.4,Check FPS with heavy blur
DS-123,Test glass effects on mobile devices,Phase 7,Not Started,P1,0.3,Verify on iOS and Android
DS-124,Export glass components from components/index.ts,Phase 7,Not Started,P1,0.1,Add GlassCard GlassButton to exports
DS-125,Document glass component usage in README,Phase 7,Not Started,P2,0.3,Add usage examples
DS-126,Create Docs/design-system/ directory,Phase 8,Not Started,P0,0.1,mkdir -p Docs/design-system
DS-127,Create Docs/design-system/README.md with navigation,Phase 8,Not Started,P0,0.3,Navigation hub for all docs
DS-128,Create 01-implementation-plan.md,Phase 8,Not Started,P0,0.4,Full 150-task breakdown
DS-129,Create 02-monorepo-setup.md,Phase 8,Not Started,P1,0.5,pnpm + Turborepo guide
DS-130,Create 03-token-system.md,Phase 8,Not Started,P1,0.6,Token hierarchy documentation
DS-131,Create 04-component-migration.md,Phase 8,Not Started,P1,0.4,Migration checklist
DS-132,Create 05-storybook-guide.md,Phase 8,Not Started,P1,0.5,Story writing guide
DS-133,Create 06-consumption-guide.md,Phase 8,Not Started,P1,0.5,External usage documentation
DS-134,Create .storybook/docs/Introduction.mdx,Phase 8,Not Started,P2,0.3,Storybook welcome page
DS-135,Create .storybook/docs/GettingStarted.mdx,Phase 8,Not Started,P2,0.3,Installation and setup
DS-136,Create .storybook/docs/DesignPrinciples.mdx,Phase 8,Not Started,P2,0.4,Glassmorphism philosophy
DS-137,Create .storybook/docs/Tokens.mdx with token browser,Phase 8,Not Started,P2,0.5,Interactive token reference
DS-138,Create VSCode snippets for component imports,Phase 8,Not Started,P2,0.3,Add to .vscode/snippets
DS-139,Update root README.md with monorepo instructions,Phase 8,Not Started,P1,0.3,Document workspace commands
DS-140,Add CHANGELOG.md for version tracking,Phase 8,Not Started,P2,0.2,Initialize changelog
DS-141,Create CONTRIBUTING.md for design system,Phase 8,Not Started,P2,0.3,Contributor guidelines
DS-142,Install Changesets for version management,Phase 9,Not Started,P1,0.2,pnpm add -Dw @changesets/cli
DS-143,Configure Changesets with .changeset/config.json,Phase 9,Not Started,P1,0.3,Setup changelog generation
DS-144,Create GitHub Actions workflow for build,Phase 9,Not Started,P1,0.4,CI pipeline for turbo build
DS-145,Create GitHub Actions workflow for Storybook deployment,Phase 9,Not Started,P1,0.5,Deploy to Vercel/Netlify
DS-146,Configure Vercel/Netlify for Storybook hosting,Phase 9,Not Started,P1,0.4,Setup project and domains
DS-147,Test Storybook deployment,Phase 9,Not Started,P1,0.3,Verify deployed Storybook works
DS-148,Document publishing process in 06-consumption-guide.md,Phase 9,Not Started,P1,0.3,Add publishing steps
DS-149,Create example external repo consuming design system,Phase 9,Not Started,P2,0.5,Demo repository for reference
DS-150,Final QA and documentation review,Phase 9,Not Started,P0,0.5,Complete review of all deliverables